Aakash,アーカシュ
Aamina,アミナ
Aaron,アーロン
Aashika,アーシカ
Abigail,アビゲール
Abby,アビー
Abhi,アビー
Abraham,エーブラハム
Abraham,アブラハム
Abrams,エーブラムズ
Aborowa,アボラー
Aborowa,アボロワ
Abdul,アブドゥル
Abdullah,アブドラ
Abdullah,アブドゥッラー
Abriele,アブリエル
Acho,アチョ
Adam,アダム
Adams,アダムズ
Addison,アディソン
Adeokun,アデオクン
Adossi,アドッシー
Adhikary,アドヒカリー
Adrian,エードリアン
Adrienne,エードリアン
Adrian,エイドリアン
Adrienne,エイドリアン
Adriana,アドリアナ
Aggrey,アグレイ
Ahmard,アーマード
Ahrendsen,アレンドセン
Aiden,エイデン
Ailine,アイリーン
Aisan,アイサン
Akigbogun,アキブガン
Akina,アキーナ
Akinosun,アキンサン
Akshay,アカシエ
Alah,アラ
Ara,アラ
Alaina,アライナ
Alan,アラン
Alanna,アランナ
Albert,アルバート
Alcazar,アルザール
Alcozer,アルコーザ
Alcozer,アルコザー
Aldridge,オルドリッジ
Aleena,アリーナ
Alina,アリーナ
Arina,アリーナ
Aleksa,アレクサ
Alexa,アレクサ
Aleman,アレマン
Alers,エイラース
Alex,アレックス
Alexander,アレキサンダー
Alexandra,アレクサンドラ
Alexandra,アレキサンドラ
Alexandria,アレキサンドリア
Alexie,アレクシー
Alexis,アレクシス
Alfred,アルフレッド
Ali,アリ
Alice,アリス
Aliyah,アリーヤ
Allen,アレン
Allison,アリソン
Allyson,アリソン
Alma,アルマ
Alreado,アルレアド
Alreado,アルレアード
Alvarado,アルバラード
Alvaro,アルバロ
Alverson,アルバーソン
Alvin,アルヴィン
Alvin,アルビン
Alyssa,アリサ
Amanda,アマンダ
Amber,アンバー
Ambros,アンブロス
Ameze,アメーゼ
Amy,エイミー
An,アン
Ann,アン
Anne,アン
Ana,アナ
Anand,アナンド
Anastasia,アナスタシア
Aneesh,アニシュ
Anderson,アンダーソン
Andre,アンドレ
Undra,アンドレ
Andrea,アンドレア
Andreas,アンドレアス
Andrew,アンドリュー
Andrew,アンドゥリュー
Andrews,アンドリューズ
Andrews,アンドゥリューズ
Andrus,アンドラス
Andy,アンディー
Aneurin,アナイレン
Angela,アンジェラ
Angeles,アンジュレス
Angus,アンガス
Anjani,アンジャニ
Anna,アンナ
Annelise,アネリーゼ
Annelise,アナリーズ
Annie,アニー
Anse,アンセ
Anton,アントン
Antonette,アントワネット
Antonio,アントニオ
Antony,アントニー
Anthony,アンソニー
Anumnu,アヌーヌ
Anusha,アヌシャ
Anya,アンヤ
Aparna,アパルナ
Applewhite,アプルホワイト
April,エイプリル
Aracely,アラセリー
Aranza,アランザ
Archibald,アーチボルト
Archibald,アーチボルド
Arenas,アレナス
Arenas,アレーナス
Arend,アレンド
Aria,アリア
Arian,アリアン
Ariana,アリアナ
Arina,アリナ
Ariel,アリエル
Arjun,アルジュン
Armando,アルマンド
Armstrong,アームストロング
Arnoldo,アノールド
Arnoldo,アノルド
Arredondo,アレドンド
Arriaran,アリアラン
Artem,アルテム
Arun,アルン
Aruna,アルーナ
Asa,アシャ
Asa,エーサ
Asa,アーサ
Asad,アサド
Ashcraft,アッシュクラフト
Ashleigh,アッシュリー
Ashley,アッシュリー
Ashraf,アシュラフ
Ashrat,アシュラーツ
Ashti,アシティ
Ashtin,アシュティン
Ashton,アシュトン
Aston,アストン
Atchley,アチュリー
Atkins,アトキンス
Aubrey,オーブリー
Audrey,アウドリ
Audrey,オードリー
Augie,オーギー
August,オーガスト
August,アウガスト
Augustin,オーガスティン
Augustin,アウガスティン
Aus,アウス
Austin,オースティン
Ava,アヴァ
Ava,アーヴァ
Ava,エヴァ
Eva,エヴァ
Ava,エバ
Eva,エバ
Avanti,アヴァンティ
Avery,アヴェリー
Avery,アベリー
Aviana,エビアナ
Aviles,アビレス
Ayesha,アイーシャ
Ayu,アユ
Azad,アザード
Azreal,アズリエル
Bai,バイ
Bailey,ベイリー
Balbay,バルベイ
Bally,バリー
Barry,バリー
Baker,ベーカー
Banzer,バンザール
Barack,バラク
Barbara,バーバラ
Barbie,バービー
Bardwell,バードウェル
Barnes,バーンズ
Burns,バーンズ
Barnet,バーネット
Bernett,バーネット
Barney,バーニー
Baron,バロン
Barr,バー
Barrera,バレラ
Barrera,バレーラ
Barrett,バレット
Barrios,バリオス
Barron,バローン
Bartel,バーテル
Bartell,バーテル
Bartholomew,バーソロミュー
Batt,バット
Baselovic,ベースロビック
Baselovic,バセロビック
Basil,バージル
Virgil,バージル
Baxley,バックスレイ
Baylor,ベイラー
Bea,ビー
Beard,ビアード
Beard,ビアード
Bierd,ビアード
Beatrice,ビートリース
Bernice,バーニス
Bernice,ベニース
Beau,ビュー
Beauford,ビューフォード
Beck,ベック
Beckii,ベッキー
Becky,ベッキー
Bedart,ベダート
Bedford,ベッドフォード
Bekah,ベカ
Bekah,ベッカ
Belcher,ベルチャー
Belisle,ベリスリー
Bell,ベル
Belle,ベル
Bella,ベラ
Belle,ベラ
Bellow,ベロー
Ben,ベン
Benavides,ベナビデス
Benavides,ベネビデス
Benjamin,ベンジャミン
Bennett,ベネット
Benning,ベニング
Benson,ベンソン
Berkey,バーキー
Berkhadley,バークハドリー
Berkson,バークソン
Bernard,バーナード
Bernard,ベルナルド
Bernard,バーナド
Berque,バーク
Berrebi,べレビ
Berryhill,ベリーヒル
Beth,べス
Bethany,ベサニー
Betsill,ベシル
Betty,ベッツィー
Beverly,ビバリー
Bhuvana,ブヴァナ
Bhuvana,ブバナ
Bible,バイブル
Biden,バイデン
Bill,ビル
Billy,ビル
Biggs,ビッグス
Bilderback,ビルダーバック
Billy,ビリー
Bird,バード
Blackburn,ブラックバーン
Blacknall,ブラックナール
Blaine,ブレイン
Blane,ブレイン
Blair,ブレア
Blaire,ブレア
Blair,ブレアー
Blaire,ブレアー
Blake,ブレイク
Blick,ブリック
Bleware,ボレウェアー
Bob,ボブ
Bobby,ボビー
Boddicker,ボディカー
Bolls,ボールス
Bolze,ボルザ
Bone,ボン
Boone,ブーン
Borland,ボーランド
Boswell,ボズウェル
Bottomly,ボトムリー
Bourneuf,ブルヌフ
Boutelle,ボウテル
Bowers,ボーワーズ
Bowersox,バゥワーソックス
Bown,ボーン
Vaughan,ボーン
Boyce,ボイス
Boyer,ボイヤー
Boyette,ボイェッテ
Boyd,ボイド
Brad,ブラッド
Bradley,ブラッドリー
Brady,ブラディー
Bram,ブラム
Brandon,ブランドン
Brandt,ブラント
Brands,ブランズ
Branson,ブランソン
Bray,ブレイ
Breaunna,ブレアナ
Breen,ブリン
Brendan,ブレンダン
Brenna,ブレナ
Brenner,ブレナー
Bremen,ブレメン
Brereton,ブレレトン
Bressman,ブレスマン
Bret,ブレット
Brewster,ブルースター
Brian,ブライアン
Briana,ブリアナ
Brinkley,ブリンクリー
Britney,ブリトニー
Britt,ブリット
Brittain,ブリティン
Brittain,ブリテン
Brittain,ブリトゥン
Brittainey,ブリッタニー
Brittany,ブリッタニー
Brock,ブロック
Brody,ブロディー
Bromberg,ブロンバーグ
Brook,ブルック
Brooke,ブルック
Brooke,ブルーク
Brooks,ブルックス
Brown,ブラウン
Browne,ブラウン
Bruce,ブルース
Bruins,ブルーインズ
Bruins,フルーンズ
Bruno,ブルーノ
Bryant,ブライアント
Bryce,ブライス
Brynne,ブレン
Byron,バイロン
Byron,バイロン
Buchanan,バカナン
Buckman,バックマン
Buescher,ブッシャー
Buford,ビュフォード
Bumjun,ボムジュン
Burford,バーフォード
Burkard,バーカード
Bujala,バジャラ
Butler,バトラー
Byndom,ビンダム
Byrne,バーン
Cade,ケード
Caden,ケイデン
Cadman,カドマン
Cai,カイ
Kai,カイ
Tsai,ツァイ
Caitland,ケイトランド
Calderon,カルデロン
Caldwell,コールドウェル
Caleb,カレブ
Kaleb,カレブ
Calie,ケーリー
Callum,カルム
Calvin,カルビン
Camacho,カマチョ
Cambridge,ケンブリッジ
Cameron,カメロン
Cameron,キャメロン
Campbell,キャンベル
Cano,カノ
Canright,キャンライト
Capitani,カピターニ
Cara,カーラ
Kala,カーラ
Kara,カーラ
Carfer,カーファー
Carey,キャリー
Kally,キャリー
Carl,カール
Carlin,カーリン
Carlos,カルロス
Carlton,カールトン
Carly,カーリー
Carmen,カルメン
Carol,キャロル
Carroll,キャロル
Carol,キャロル
Carolyn,カロリン
Carolyn,キャロライン
Caroline,キャロライン
Carolyn,キャロリン
Caron,カロン
Caron,キャロン
Carpenter,カーペンター
Carrington,カリングトン
Carrington,キャリングトン
Carrozza,カロッザ
Carson,カーソン
Cason,カーソン
Carter,カーター
Caruana,カルアナ
Cascos,カスコス
Casey,ケーシー
Kacie,ケーシー
Cassidy,キャシディー
Casimiro,カジミーロ
Castellano,キャステラーノ
Castellano,カステラーノ
Castellano,カステラノ
Castilla,キャステラ
Castilla,カステラ
Cat,キャット
Catalina,カタリーナ
Cather,ケーサー
Catherine,キャサリーン
Cardenas,カーディナス
Carmel,カーメル
Carolinna,カロリナ
Carolinna,キャロリナ
Case,ケース
Cassy,カシー
Cassy,カッシー
Cathy,キャシー
Cavrak,キャバラック
Cayla,ケイラ
Cecilia,セシリア
Celeste,セレステ
Celina,セリナ
Serena,セリナ
Celine,セリーン
Celli,チェリ
Center,センター
Ceo,セオ
Cerame,セラメ
Cervera,セルベーラ
Cesar,セサル
Chad,チャド
Chaerin,チャエリン
Chambers,チャンバース
Chan,チャン
Chang,チャン
Chung,チャン
Jang,チャン
Tyan,チャン
Chandni,チャンダニ
Chantale,チャンテール
Chantale,シャンタール
Chang,チャング
Chase,チェース
Chavana,チャバナ
Chavana,チャバナ
Chalk,チョーク
Chapman,チャプマン
Charles,チャールズ
Charlie,チャーリー
Chambers,チェンバーズ
Chela,チェラ
Chelbi,チェルビ
Chelette,シェレット
Chelsea,チェルシー
Chen,チェン
Cheng,チェン
Cheng,チェング
Chervony,チューバニー
Chiaka,チアカ
Chiang,チアング
Chilam,チラム
Chiles,チリズ
Ching,チン
Qin,チン
Chloe,クロエ
Choi,チョイ
Choi,チェ
Chou,チャウ
Chris,クリス
Kris,クリス
Chrisann,クリサン
Christy,クリスティー
Christie,クリスティー
Christensen,クリスチャンセン
Christiansen,クリスチャンセン
Christian,クリスチャン
Christianson,クリスチャンソン
Christina,クリスティーナ
Cristina,クリスティーナ
Kristina,クリスティーナ
Christine,クリスティン
Khrystean,クリスティン
Kristen,クリスティン
Kristin,クリスティン
Kristine,クリスティン
Christine,クリスティーン
Kristine,クリスティーン
Christopher,クリストファー
Chu,チュ
Chu,チュー
Chua,チュア
Chuang,チュアング
Chuck,チャック
Chumreonlert,チュムレオンラート
Chung,チュン
Chung,チョン
Jung,チョン
Cian,シャー
Mei,メイ
Cicchini,チッチーニ
Cindy,シンディー
Clagett,クラジェット
Claire,クレア
Clara,クララ
Clark,クラーク
Claudia,クラウディア
Clay,クレイ
Clayton,クレイトン
Cleve,クレーブ
Cleare,クレアー
Clement,クレメント
Cleo,クレオ
Clint,クリント
Clinton,クリントン
Cobbins,コビンズ
Cobbs,コッブス
Coco,ココ
Codner,コドナー
Cody,コーディー
Cokie,コーキー
Colapret,コラプレット
Coleman,コールマン
Colin,コリン
Collin,コリン
Colleen,コリーン
Collins,コリンズ
Colston,コールストン
Colt,コルト
Colton,コルトン
Colwell,コルウェル
Conger,コンガー
Connatser,コナツアー
Connie,コニー
Connor,コナー
Conradt,コンラッド
Cook,クック
Cooke,クック
Coonrod,クーンロッド
Cooper,クーパー
Kuiper,クーパー
Cora,コラ
Corbyn,コービン
Corbyn,カービン
Corey,コーリー
Cornell,コーネル
Coroiescu,コロイエスク
Corrie,コリー
Cory,コリー
Cortez,コーテス
Corvyn,コーベン
Costello,コステロ
Cotton,コットン
Courtenay,コートニー
Courteney,コートニー
Coutney,コートニー
Courteney,コートニー
Courtenay,コートニー
Cox,コックス
Craig,クレッグ
Greg,クレッグ
Gregg,クレッグ
Kreig,クレッグ
Crank,クランク
Cranmer,クランマー
Crawford,クロフォード
Crawley,クローリー
Christabella,クリスタベラ
Crocker,クロッカー
Crowell,クローウェル
Cruciani,クルチアーニ
Cruise,クルーズ
Cruz,クルーズ
Crystal,クリスタル
Culbreth,カルブレス
Cui,クイ
Cuomo,クオモ
Curtis,カーティス
Cunningham,カニングハム
Cwan,ジュアン
Juan,ジュアン
Cynthia,シンシア
Daddeo,ダディオ
Dahl,ダール
Dail,デール
DexDail,デクスデール
Dakota,ダコタ
Daley,ダリィ
Dallas,ダラス
Dollas,ダラス
Damian,ダミアン
Damion,ダミオン
Damon,ダモン
Dan,ダン
Dunne,ダン
Dane,デーン
Dani,ダーニー
Dani,ダニー
Danica,ダニカ
Dang,ダング
Daniel,ダニエル
Danielle,ダニエル
Daniels,ダニエルズ
Darcy,ダーシー
D'Drcy,ダーシー
Darsey,ダーシー
Darsey,ダーシー
D'Drcy,ダーシー
Darian,ダリアン
Dario,ダリオ
Darius,ダリアス
Darrell,ダレル
Derrell,ダレル
Darrin,ダリン
Dart,ダート
David,デービット
David,ダビデ
Davidson,デービッドソン
Davis,デービス
Davison,デビソン
Davison,デヴィソン
Davison,ディビソン
Davison,ディビソン
Davison,ディヴィソン
Darvy,ダービー
Dauphin,ドーフィン
Dave,デイブ
Davenport,ダブンポート
Davenport,ダベンポート
Davenport,デイベンポート
Davison,ダビソン
Dawn,デウン
Dean,ディーン
Deaton,ディートン
Debbie,デビー
Deborah,デボラ
Deginald,デジノルド
Delainey,ディレイニー
Delgadillo,デルガディーリョ
Delores,デロレス
Demarco,ディマーコ
Demarcus,ディマーカス
Demarcus,デマーカス
Denning,デニング
Dennis,デニズ
Derek,ディレク
Derek,デリック
Derek,デリク
Derek,デレック
Derek,デレク
DeSean,デショーン
DeSean,ディショーン
Desiree,デジレー
Destinee,デスティニー
Devon,デボン
Dhwani,ドゥワニ
Diana,ダイアナ
Diani,ディアナ
Diaz,ディアス
Dick,ディック
Diedra,ディードラ
Diego,ディエゴ
Diehi,ダイール
Diener,ディーナー
Dilan,ディラン
Diller,ディラー
Dillon,ディロン
D'Innocenzo,ディイノテェンツォ
Dion,ディオン
DiSanto,ディサント
Disney,ディズニー
Divya,ディヴヤ
Dixon,ディクソン
Do,ド
Doan,ドーン
Dogus,ドーウシュ
Dohmann,ドーメン
Doleen,ドリーン
Dolehide,ドールハイディ
Domenica,ドメニカ
Dominey,ドミニー
Dominic,ドミニック
Dominique,ドミニーク
Dong,ドング
Dongjin,ドンジン
Dongsoo,ドンソー
Doolittle,ドゥーリトル
Doolittle,ドゥーリトゥル
Doonan,ドゥーナン
Dordevic,ジェルジェヴィチ
Doris,ドリス
Dorraine,ドーレーン
Douangkesone,ドアンケソン
Doug,ダッグ
Doug,ダグ
Douglas,ダグラス
Dover,ドーバー
Dowell,ドーウェル
Dowling,ダウリング
Doyoung,ドヨング
Dragovits,ドラゴビッツ
Dragovits,ドラゴヴィッツ
Drain,ドレイン
Drake,ドゥレイク
Dravannti,ドラバンティ
Dravannti,ドゥラヴァンティ
Drew,ドゥルー
Duane,ドゥウェイン
Duco,デゥコ
Duffey,ダッフィー
Durant,デゥラン
Durant,デゥラント
Dunkerley,ダンカーリー
Dustin,ダスティン
Dyche,ダイチェ
Dyer,ダイヤー
Dyle,ドイル
Earl,アール
Earnesia,アネージア
Earnest,アーネスト
Ernest,アーネスト
Ebony,エボニー
Eddie,エディー
Edgar,エドガー
Edward,エドワード
Edwin,エドウィン
Edwina,エドウィナ
Eells,イールズ
Egan,イーガン
Eia,エーヤ
Elaine,エレイン
Elam,エラム
Elasmar,エラスマ
Eldon,エルドン
Eleanor,エレノア
Eleanor,エリナー
Eleanor,エレーナ
Eleanor,エレナー
Eli,イーライ
Elias,エリアス
Elif,エリフ
Elijah,イライジャ
Elinore,エリノア
Elissa,エリサ
Elissa,エリッサ
Elizabeth,エリザベス
Ella,エラ
Ellen,エレン
Elliott,エリオット
Ellis,エリス
Elly,エリー
Ellzy,エルジー
Elmer,エルマー
Eloise,エロイス
Eloy,イーロイ
Elysia,エリシア
Elysse,エリッセ
Emery,エメリー
Emily,エミリー
Emilie,エミリー
Emma,エマ
Emmanuel,エマヌエル
Emmons,エモンズ
Emory,エモリー
Emperatriz,エンペラトリツ
Endsley,エンズリー
Engle,イングル
Engle,エングル
Enriqueta,エンリケタ
Enriquez,エンリケス
Epps,エプス
Eric,エリック
Erick,エリック
Erik,エリック
Erica,エリカ
Erika,エリカ
Erickson,エリクソン
Erin,エリン
Erin,エリーン
Ermlich,エルムリッヒ
Erskin,アースキン
Ervin,アービン
Irvin,アービン
Ervin,エルビン
Erwin,アーウィン
Eryon,エリオン
Escabedo,エスカベード
Eshan,エシャン
Eslinger,エスリンガ
Espino,エスピノ
Espinosa,エスピノーサ
Espinosa,エスピノーザ
Estevan,エステバン
Esther,エッサー
Estrella,エストレーラ
Esquivel,エスキベル
Ethan,イーサン
Eugene,ユージン
Eugenia,ユージニア
Eunji,ウンジ
Evan,エバン
Evan,エヴァン
Evans,エバンス
Evans,エヴァンス
Ezekial,イゼキアル
Ezequiel,イゼキアル
Ezra,エズラ
Fabian,ファビアン
Fabian,ファービアーン
Fabian,フェビアン
Fahad,ファハッド
Faith,フェイス
Fares,ファリス
Farris,ファリス
Fares,ファレス
Faucette,フォーセット
Faustin,ファウスティン
Fay,フェイ
Faye,フェイ
Fay,フェー
Feight,フェイト
Felicia,フェリシヤ
Felicitas,フェリシタス
Felix,フェリクス
Fenner,フェナー
Fenton,フェントン
Fenves,フェンベス
Fereydun,フェレヅン
Ferhad,フェルハド
Fermin,フェルミン
Fernando,フェルナンド
Fernando,ファーナンド
Ferreyra,フレーヤ
Field,フィールド
Fields,フィールズ
Flbert,フィルバート
Fink,フィンク
Fiorina,フィオリーナ
Fisette,フィセット
Fisher,フィッシャー
Fitzhenry,フィッツヘンリー
Fitzpatrick,フィッツパトリック
Fleming,フレミング
Fletcher,フレッチャー
Florence,フローレンス
Flores,フローレス
Florin,フローリン
Florinda,フロリンダ
Florindo,フロリンド
Floyd,フロイド
Foman,フォーマン
Fondren,フォンドレン
Fontenette,フォンテネッテ
Fontenette,フォンテネット
Ford,フォード
Forisha,フォシェ
Forisha,フォシェー
Foster,フォスター
Foswhitt,フォスウェット
Fowler,ファウラー
Fowler,フォーラー
Fran,フラン
Frances,フランセス
Francesca,フランチェスカ
Francis,フランシス
Francisca,フランシスカ
Frank,フランク
Frankie,フランキー
Franklin,フランクリン
Franks,フランクス
Fredricks,フレッドリックス
Freleng,フリーリング
Friad,フリアッド
Friedheim,フレッドハイム
Fritchie,フリッチー
Froehlich,フローリッヒ
Frost,フロスト
Fuertes,フエルテス
Fugitt,フューギット
Funk,ファンク
Gabby,ガビー
Gabrianna,ガブリアナ
Gabriel,ゲーブリエル
Gabriel,ガブリエル
Gabrielle,ガブリエール
Gallagher,ガラハー
Gallagher,ギャラガー
Gallagher,ギャラファー
Gail,ゲイル
Gale,ゲイル
Gayle,ゲイル
Gain,ゲイン
Galindo,ガリンド
Gallaher,ギャラハー
Gallardo,ガヤルド
Gandhi,ガンジー
Gandhi,ガンディー
Garcia,ガルシア
Gardner,ガードナー
Garrett,ガレット
Garrick,ガリック
Garrido,ガリード
Garrison,ギャリソン
Gary,ゲリー
Garza,ガーザ
Gasbakk,ガスバック
Gaskin,ギャスキン
Gavin,ガビン
Gavin,ギャビン
Gehring,グーリンク
Gehring,ゲーリング
Gene,ジーン
Jean,ジーン
Genet,ジュネ
Geno,ジーノ
George,ジョージ
Georgia,ジョージア
Ghani,ガニー
Ghim,ギム
Gia,ジア
Gibson,ギブソン
Gideon,ギデオン
Gifford,ギフォード
Gigi,ジジ
Gilbert,ギルバート
Giles,ギルス
Gillian,ジリアン
Jillian,ジリアン
Gilliland,ギリランド
Gin,ジン
Jin,ジン
Ginah,ジナ
Ginny,ジニー
Givans,ギバンズ
Glass,グラス
Glenn,グレン
Glick,グリック
Gloria,グロリア
Glover,グロバー
Goetz,ゴーメッツ
Goins,ゴインズ
Gold,ゴールド
Golden,ゴールデン
Goldman,ゴールドマン
Golfhoff,ゴルフォフ
Golla,ゴラ
Gonsoulin,ゴンソリン
Gonzalez,ゴンザレス
Goodman,グッドマン
Goodwin,グッドウィン
Gore,ゴア
Gopal,ゴパル
Gordon,ゴードン
Goss,ゴス
Goudreau,グードゥルー
Goudreau,グードゥル
Goulet,グーレ
Grace,グレイス
Gracie,グラシ
Gracely,グレイスリー
Gracely,グレースリー
Graciela,グラシエラ
Graham,グラハム
Granados,グラナドス
Grant,グラント
Grayson,グレイソン
Greg,グレグ
Gregory,グレゴリー
Gremillion,グレミリオン
Gressett,グレセット
Gretchen,グレチン
Gridnev,グリドゥニブ
Gridnev,グリドネフ
Groenvynck,グローンベック
Grohman,グローマン
Grojean,グロジーン
Grose,グロス
Grubb,グラッブ
Grubb,グルッブ
Grujin,グルージャ
Grujin,グルジェン
Grujin,グルヘン
Guerra,グエラ
Guerrero,ゲレロ
Guevara,ゲバラ
Guido,グイド
Gulas,グラース
Gulbans,グルバンス
Gullistan,グリスタン
Gunawan,グナワン
Guobadia,グオバディア
Gurwitz,ガーヴィッツ
Gurwitz,ガーウィッツ
Gus,ガス
Gustafson,ガスタフソン
Gustafson,グスタフソン
Gusti,ガスティ
Gutierrez,グティアレス
Guzide,グジダ
Guzikowski,グジコウスキ
Haar,ハー
Haas,ハース
Haggis,ハッギス
Hague,ハーグ
Hahn,ハン
Han,ハン
Hairston,へアストン
Hakula,ハクラ
Haleigh,ハリー
Hales,ヘイルズ
Hales,ヘイルス
Haley,ヘーリー
Haley,ヘイリー
Haleva,ヘルヴァ
Hall,ホール
Halstead,ハルステッド
Hamilton,ハミルトン
Hamish,ハミッシュ
Hamish,ヘイミシュ
Hamish,ヘミッシュ
Hamphley,ハンフリー
Hanphley,ハンフリー
Hampton,ハンプトン
Hamstra,ハムストラ
Hancock,ハンコック
Hannah,ハンナ
Hansen,ハンセン
Hanter,ハンター
Hunter,ハンター
Hanzel,ハンゼル
Harkins,ハーキンズ
Harlan,ハーラン
Harmon,ハーモン
Harris,ハリス
Harrison,ハリソン
Hart,ハート
Harty,ハーティー
Harwig,ハーウィン
Harzer,ハーザー
Hashbarger,ハーシュバーガー
Hathaway,ハサウェイ
Hatt,ハット
Hattis,ハティス
Hauser,ハウザー
Hawkins,ホーキンス
Haydeelyn,ヘイディリン
Hayden,ハイデン
Hayden,ヘードン
Hayden,ヘイドン
Hayden,ヘイデン
Hebert,ヘバート
Hebert,ヘルベルト
Heidenreich,ヘイデンレイシュ
Heather,ヘザー
Helen,ヘレン
Hendricks,ハンヅリックス
Hendrickson,ヘンドリックソン
Henry,ヘンリー
Henson,ヘンソン
Heredia,へレディア
Heredia,エレディア
Herbster,ハーブスター
Herfeldt,ヘルフェルト
Hereydun,フェレドゥーン
Herman,ハーマン
Hernandez,ヘルナンデス
Hero,ヘロ
Herrera,ヘレラ
Heval,ヘバラ
Hicks,ヒックス
Hix,ヒックス
Hieu,ヒーウ
Higgs,ヒッグス
Higgins,ヒギンズ
Hilda,ヒルダ
Hill,ヒル
Hillary,ヒラリー
Hilton,ヒルトン
Hinojosa,イノホサ
Hite,ハイト
Hoagland,ホーグランド
Hoffman,ホフマン
Hohmann,ホフマン
Hollifield,ホリフィールド
Hollingsworth,ホリングスワース
Holly,ホーリー
Holman,ホーマン
Homero,オメロ
Hong,ホン
Hong,ホアン
Hooks,フックス
Hooker,フーカー
Hooker,フッカー
Hooper,フーパー
Hopkin,ホプキン
Horn,ホーン
Hosey,ホージー
Hosfeld,ホスフェルド
Hosfeld,ホスフェルト
Hosios,オシオス
Hossain,ホセイン
Hossler,ホスラー
Houston,ヒューストン
Husterson,フースターソン
Howard,ハワード
Howard,ホワード
Howell,ホーウェル
Huang,フォアン
Huey,ヒューイ
Hughey,ヒューイ
Hughes,ヒューズ
Humberto,ウンベルト
Humza,ハムザ
Hung,フング
Hurst,ハースト
Hussey,ハッセー
Huynh,ヒュイン
Hyak,ハイアック
Hyson,ハイソン
Ian,イーアン
Ian,イアン
Ibeh,イベー
Imad,イマード
Imani,イマーニ
Inga,インガ
Irby,アービー
Israel,イスラエル
Israel,イズラエル
Isaac,アイセック
Isaac,イサク
Isabel,イザベル
Isabelle,イザベル
Isadore,イザドール
Ismelda,イズメルダ
Ivan,イバン
Ivey,アイビー
Izzy,イジー
Jack,ジャック
Jacques,ジャック
Jackie,ジャキ
Jaclyn,ジャクリン
Jackson,ジャクソン
Jaxon,ジャクソン
Jacob,ジェイコブ
Jacob,ヤコブ
Jacqueline,ジャクリーン
Jacques,ジェイクス
Jacques,ジャーク
Jaeho,ジェホ
Jaggard,ジャガルド
Jaggers,ジャガーズ
Jai,ジャイ
Jaimel,ジェイメル
Jairo,ハイロ
Jake,ジェーク
Jalynn,ジラン
Jalynn,ジャイラン
Jalynn,ジラナ
James,ジェームズ
Jamie,ジェイミー
Jayme,ジェイミー
Jamison,ジェミソン
Janae,ジャネー
Janardhanan,ジャナダナン
Jannell,ジャネル
Jane,ジェーン
Janese,ジャネス
Janet,ジャネット
Jannett,ジャネット
Janice,ジャニス
Jara,ハラ
Jara,ジェイラ
Jara,ヤラ
Jared,ジャレッド
Jaren,ジャレン
Jasmine,ジャスミン
Jason,ジェーソン
Javan,ジュバン
Javan,ジャバン
Javan,ヤバン
Jay,ジェイ
Jay,ジェー
Jeb,ジェブ
Jeff,ジェフ
Jeffcoat,ジェフコート
Jefferson,ジェファーソン
Jeffrey,ジェフリー
Jenkins,ジェンキンズ
Jenna,ジェナ
Jennie,ジェニー
Jennifer,ジェニファー
Jeong,ジョオン
Jeong,ジョン
John,ジョン
Jon,ジョン
Jeremy,ジェレミー
Jerome,ジェローム
Jerritt,ジェレット
Jerritte,ジャレット
Jess,ジェス
Jessica,ジェシカ
Jesse,ジェッシー
Jessie,ジェッシー
Jessey,ジェッシー
Jesus,ジーザス
Jeyun,ジェユン
Jiang,ジャン
Zhang,ジャン
Jim,ジム
Jindal,ジンダル
Jindal,ジンドル
Jing,ジング
Jinsol,ジンソル
Jivan,ジーヴァン
Jivan,ジーバン
Joan,ジョアン
Joanna,ジョアンナ
Joaquin,ホアキン
Jobst,ジョブスト
Jody,ジョディー
Joe,ジョー
Joey,ジョイ
Joy,ジョイ
Joffe,ジョフィ
Joffe,ヨッフェ
Joffe,ヨフィー
Johnny,ジョニー
Jolyssa,ジョリサー
Jonas,ジョーナス
Jonathon,ジョナサン
Jonathan,ジョナサン
Jones,ジョーンズ
Jones,ジョーンズ
Johansson,ヨハンソン
Johnson,ジョンソン
Joel,ジョエル
Joey,ジョーイ
Joon,ジュン
Jun,ジュン
June,ジュン
Jordan,ジョーダン
Jordan,ジョーダン
Jorge,ホルヘ
Jose,ホゼ
Joseph,ジョセフ
Joseph,ヨセフ
Josh,ジョシュ
Joshua,ジョシュア
Josip,ヨシブ
Josue,ホスエ
Jou,ジュー
Juan,ウアン
Juan,ユアン
Yuan,ユアン
Juanita,ワニタ
Juarez,ワレズ
Judith,ジュディス
Judy,ジュディー
Juhee,ジュヒ
Julia,ジュリア
Julian,フリアン
Juliann,ジュリアン
Julianna,ジュリアナ
Julie,ジユリー
Jungu,ジュング
Juneja,ジュネジャ
Jungmi,ジュンミ
Justin,ジャスティン
Justo,ジャスト
Jyoti,ジョティ
Kaang,カーング
Kang,カン
Kang,カン
Khang,カン
Kacie,ケイシー
Kailash,カイラシュ
Kaitlin,ケートリン
Kalee,ケリー
Kelley,ケリー
Kelli,ケリー
Kelly,ケリー
Kaligh,ケーライ
Kaligh,カリ
Kalena,カリーナ
Karina,カリーナ
Kamal,カマル
Kamala,カマラ
Kamran,カムラン
Kannan,カンナン
Kannan,カナン
Kany,カニー
Kara,カラ
Karadimos,カラディモス
Karcher,カルチャー
Karcher,キャシャー
Kareem,カリーム
Karen,キャレン
Karen,カレン
Karis,ケリス
Karolina,カロリーナ
Karosas,カロサス
Karsten,カルステン
Karwan,カルワン
Kasich,カシーチ
Kasich,キャシーチ
Kasinger,ケシンジャー
Kate,ケート
Katie,ケーティー
Katelyn,ケートラン
Katharinen,キャサリン
Kathleen,キャサリン
Katrina,カトリナ
Kayla,ケーラ
Kearney,カーニー
Keegan,キーガン
Keeley,キーリー
Keenam,キーナム
Keenan,キーナン
Keeshen,キーシェン
Keller,ケラー
Kelm,ケルム
Kelsey,ケルシー
Kelton,ケルトン
Kem,ケム
Ken,ケン
Kennedy,ケネディー
Kendal,ケンダル
Kendall,ケンダル
Kenneth,ケネス
Kenny,ケニー
Kenton,ケントン
Keondre,ケオンドレ
Kern,カーン
Khan,カーン
Khanh,カーン
Kerr,カー
Ketelyn,キートラン
Kevin,ケビン
Kevin,ケヴィン
Khandpur,カンポー
Khang,カング
Kheeston,キーストン
Khine,カイン
Khrystean,クリステン
Kristen,クリステン
Kristin,クリステン
Khurram,クッラム
Kira,カイラ
Kirby,カービー
Kirema,カレマ
Kirema,キルマ
Kirkendoll,カーケンドール
Kiri,キリー
Kiley,キリー
Kirsten,カーステン
Kirsten,カースティン
Kirsten,カースティン
Kiahra,キアラー
Kierwinn,カーウィン
Kirwin,カーウィン
Kim,キム
Kimberly,キンバリー
Kindlel,キンドル
King,キング
Kirkhoff,カークホフ
Kisner,キスナー
Kitchen,キッチン
Klotz,クロッツ
Knight,ナイト
Kocher,コッチャー
Kocher,コッハー
Koehnlein,コーンライン
Koh,コ
Koh,コー
Koprcina,コプシーナ
Kori,コーリ
Kori,コリ
Kosmo,コスモ
Kreig,クレーグ
Kriegel,クリーゲル
Krishna,クリシュナ
Krista,クリスタ
Kroencke,クランキー
Krona,クローナ
Kroon,クローン
Krpec,カーペック
Kruger,クルガー
Kruzel,クルーゼル
Kryzl,クルーゼル
Kubik,クービック
Kurzawski,クルザウスキー
Kwok,クウォック
Kyle,カイル
Kylee,カイリー
Labar,ラバー
Labroyeah,ラブロエー
Lacey,レイシー
Leaf,ラーフ
LaGuette,ラゲット
Lai,ライ
Laird,レアード
Lakai,ラカイ
Lakshmi,ラクシミ
Lam,ラム
LaMarcus,ラマーカス
Lammert,ラマート
Lana,ラナ
Lance,ランス
Landers,ランダース
Landers,ランデス
Lang,ラング
Leung,ラング
Larasati,ララサティ
Lashann,ラシャン
Lau,ラウ
Laura,ローラ
Lauren,ローレン
Lauree,ローリー
Laurrie,ローリー
Lori,ローリー
Lorrie,ローリー
Lauri,ローリ
Lauryn,ローリン
Loryn,ローリン
Lawrence,ローレンス
Lazo,ラソ
Le,リ
Le,リー
Lee,リー
Li,リー
Rhee,リー
Leahy,リーヒ
Leahy,リーヒー
Leahy,リーイ
Leahy,レイヒ
Leahy,レイヒー
LeAnn,リアン
Liam,リアン
Leap,リープ
Lee,イ
Leila,レイラ
Leira,レイラ
Lencha,レンチャ
Leng,レン
Lenington,レニントン
Lentz,レンツ
Leon,リオン
Leonardo,レオナルド
Lepnardo,レオナルド
Leslie,レスリー
Lessels,レサーズ
Lestari,レスタリ
Levi,レヴィ
Lew,ルー
Liu,ルー
Lu,ルー
Luu,ルー
Lewis,ルイス
Luis,ルイス
Louis,ルイス
Lexy,レクシー
Leyendecker,ラインデッカー
Liam,リアム
Libida,リビダ
Lila,リラ
Lila,ライラ
Lillian,リリアン
Lilliana,リリアナ
Lilly,リリー
Lily,リリー
Lilly,リリ
Lincoln,リンカン
Lindsey,リンジー
Lindzy,リンジー
Lin,リン
Lynn,リン
Linda,リンダ
Lynda,リンダ
Lindfors,リンドフォース
Linz,リンズ
Lippsmeyer,リップスメーヤー
Lisa,リサ
Lisbel,リスベル
Lisenbee,リセンビー
Liu,リュ
Liu,リュー
Liu,リュウ
Liu,リウ
Liulinbo,リュリンボ
Liz,リズ
Lloyd,ロイド
Loeffler,レフラー
Logan,ローガン
Long,ロング
Long,ロン
Lonnie,ロニー
Lopez,ロペス
Looper,ルーパー
Lori,ロリー
Lorrie,ロリー
Lotus,ロータス
Loukas,ルーカス
Loveard,ラバード
Loveard,ラブアード
Lovegren,ラブグレン
Lucas,ルーカスン
Luciano,ルシアノ
Lucien,ルシエン
Lucila,ルシラ
Lucy,ルーシー
Luitwieler,ルトウィーラー
Luke,ルーク
Luke,ルカ
Luna,ルーナ
Luther,ルーサー
Luz,ルース
Ruth,ルース
Ma,マー
Mac,マック
Mack,マック
Macalla,マカラ
Macharia,マチャリア
Macintosh,マッキントッシュ
Madden,マデン
Madden,マッデン
Maddie,マディー
Madeline,マドライン
Madison,マディソン
Madisyn,マディスン
Maggie,マギー
Mahin,マヒン
Mahler,マーラー
Major,メージャー
Makayla,マカイヤ
Makayla,マカイラ
Markey,マーキー
Marki,マーキー
Malaluan,マラルアン
Malathi,マラティ
Malcolm,マルコム
Malia,マリア
Maria,マリア
Maria,マリア
Malia,マリア
Mallindine,マリンダイン
Malmin,マルミン
Malo,マロ
Malone,マローン
Maloney,マローニー
Manhertz,マンハーツ
Mann,マン
Manuel,マニュエル
Maples,メープルズ
Mara,マラ
Marco,マルコ
Marco,マーコ
Marcus,マーカス
Margaret,マーガレット
Margaret,マーガレット
Margolis,マーゴリス
Mariam,マリアム
Marianne,マリアン
Maryann,マリアン
Marie,マリー
Mario,マリオ
Marisol,マリソル
Marissa,マリッサ
Marjorie,マージョリー
Mark,マーク
Marlow,マーロウ
Marquis,マキウィス
Marquise,マルクィーズ
Marquise,マルキース
Marquise,マルキーズ
Martel,マルテル
Martel,マーテル
Martin,マーティン
Martinez,マルティネス
Martinez,マルチネス
Martini,マルティニ
Mashburn,マシュバーン
Mason,メイソン
Mathilda,マチルダ
Matt,マット
Matthew,マシュー
Mauricio,マウリシオ
Mauro,マウロ
Maurreen,モーリーン
Mary,メアリー
Max,マックス
Maxon,マキソン
Maxon,マクソン
Mawardi,マワーディ
Maxwell,マックスウェル
Maya,マヤ
Mays,メイズ
McAbee,マッカビー
McAllister,マカリスター
McCabe,マッカーベ
McCabe,マカベ
McCage,マックケージ
McCarter,マッカーター
McCarthy,マッカーシー
McCarty,マッカーティー
McClaine,マックレイン
Mackie,マッキー
Maclachlan,マクラクラン
McCloud,マクロード
Mcclure,マクルアー
McClurg,マッククラーグ
McClurg,マックルーグ
McClurg,マックラーグ
McConnell,マッコーネル
McCullagh,マッコーリッグ
McCoy,マッコーイ
McCrary,マックラリー
McCrary,マッククラリー
McDonald,マクドナルド
McFalls,マクフォールズ
McElveen,マックエルビーン
McElveen,マックエルヴィーン
McEntire,マッケンタイヤー
McGee,マックギー
McGee,マッギー
McKenzie,マッケンジー
Mickenzi,マッケンジー
McKnight,マクナイト
McNeil,マクニール
McPherson,マクファーソン
McMillan,マックミラン
McMinn,マックミン
McNamara,マックナマラ
McNeal,マックニール
McQuirter,マクォーター
McWhorter,マックウォーター
Meader,ミーダー
Meadow,メドー
Meagan,ミーガン
Megan,ミーガン
Meagan,メーガン
Megan,メーガン
Meghan,メーガン
Medina,メディナ
Medrano,メドラノ
Mee,ミー
Melanie,メラニー
Melchionni,メルチオーニ
Melin,メリン
Melinda,メリンダ
Melinda,ミリンダ
Melinda,マリンダ
Melissa,メリサ
Melone,メローネ
Melone,メローン
Mendoza,メンドーサ
Mendoza,メンドーザ
Mercedes,メルセデス
Mercedes,メーセデス
Meta,メタ
Meyer,マイヤー
Micaya,ミカヤ
Micaya,マイケヤ
Michael,マイケル
Michelle,ミッシェル
MicKayla,マッケーラ
Mikayla,ミケイラ
Mike,マイク
Miles,マイルズ
Millard,ミラード
Miller,ミラー
Mills,ミルズ
Millstone,ミルストーン
Mimi,ミミ
Mims,ミムズ
Min,ミン
Mina,ミナ
Mira,ミラ
Miranda,ミランダ
Mireiya,ミレイア
Miriam,ミリアム
Mirna,ミルナ
Mirta,ミルタ
Mishra,ミシュラ
Mitch,ミッチ
Mitchell,ミッチェル
Mitra,ミトラ
Mlinac,メリナック
Mobalaji,モーマラジ
Mobolaji,モモロジ
Mohammad,モハマド
Mohammad,マハマッド
Mohammed,モハメッド
Mohammed,モハメド
Mohit,モヒト
Molly,モーリー
Monica,モニカ
Monroe,モンロー
Montoya,モントヤ
Mooney,ムーニー
Moore,モア
Mora,モラ
Morales,モラレス
Moreau,モロー
Moreira,モレイラ
Moreno,モレノ
Morgan,モーガン
Morolake,モノレイク
Morrell,モレロ
Morrell,モレラ
Morris,モリス
Morrison,モリソン
Moses,モーセ
Moses,モーゼ
Moses,モーセス
Moses,モーゼス
Moss,モス
Mota,モタ
Mousner,マウズナー
Mouton,ムートン
Mufarreh,ムフレア
Murlowski,マーロウスキー
Murphy,マーフィー
Muschamp,マスチャンプ
Musslewhite,ムッセルワイト
Myra,マイラ
Myong,ミオング
Nabil,ナビル
Nabeel,ナビル
Natasia,ナビル
Nadia,ナディア
Nadja,ナディア
Nadja,ナジャ
Nagy,ネギー
Nail,ネイル
Nail,ネール
Nakia,ナキア
Namaky,ナマキー
Namusu,ナムス
Nan,ナン
Nancy,ナンシー
Naomi,ナオミ
Napier,ネピア
Narayanan,ナラヤナン
Nari,ナリ
Narissa,ナリサ
Nash,ナッシュ
Nasta,ナスタ
Natalie,ナタリー
Natasha,ナターシャ
Nathalia,ナタリア
Nate,ネイト
Nate,ネート
Nathan,ネイサン
Nauder,ナウダー
Naumann,ナウマン
Neaves,ニーブス
Necca,ネッカ
Neda,ネダ
Neda,ネーダ
Neel,ニール
Neha,ネハ
Nel,ネル
Nelson,ネルソン
Nenita,ネニタ
Netanyahu,ネタニヤフ
Neupert,ニューパート
Newman,ニューマン
Newton,ニュートン
Newzad,ノザード
Neve,ネーベ
Neve,ネーヴェ
Ng,ン
Ngo,ノ
Nguyen,ニュエン
Nguyen,ウェン
Nguyen,ヌエン
Nguyen,ウィン
Wynn,ウィン
Nguyen,グエン
Nick,ニック
Nickleson,ニクルソン
Nicolas,ニコラス
Nicole,ニコール
Nielsen,ニールセン
Nikhil,ニキル
Nina,ニーナ
Noah,ノア
Noor,ノア
Nobel,ノーベル
Noel,ノエル
Nora,ノラ
Norman,ノーマン
Nolan,ノーラン
Norton,ノートン
Nosek,ノーゼック
Ntreh,エントゥレ
Nunez,ヌニェス
Nwanebu,ヌワナビー
Obama,オバマ
O'Brien,オブライアン
Ochard,オチャード
O'Connell,オコーネル
Offor,オフォア
Ogbogu,オグボグ
Ogden,オグデン
Oh,オー
Ohabuguro,オハブギロ
O'connor,オコーナ
O'Hara,オハラ
Okafor,オカファー
Okolo,オコロ
Olalo,オラロ
Olivia,オリビア
Oliver,オリバー
Olmstead,オルムステッド
Omar,オマー
O'Neal,オニール
Oralia,オラリア
Orrick,オリック
Ontko,オントコ
Orlando,オーランド
Ornellas,オネラス
Ortega,オルテガ
Ortiz,オーティス
Oscar,オスカー
Osterman,オスターマン
Owen,オーウェン
Owens,オーウェンス
Owens,オウエンス
Pablo,パブロ
Paden,パーデン
Paden,ペイデン
Padgett,パジェット
Padilla,パディラ
Padovano,パドバノ
Pagan,パガン
Page,ページ
Paige,ページ
Palladino,パラディーノ
Pam,パム
Pamela,パメラ
Pamplin,パンプリン
Paris,パリス
Park,パーク
Parker,パーカー
Parks,パークス
Paschall,パスカル
Pat,パット
Patrick,パトリック
Patel,パテル
Patel,パテール
Pati,パティ
Patti,パティ
Patricia,パトリシア
Paul,ポール
Paula,ポーラ
Paulina,パウリナ
Paulino,ポウリーノ
Paulino,ポーリーノ
Payson,ペイソン
Payton,ペイトン
Pedersen,ペダーセン
Pedro,ペドロ
Peilun,ペルン
Peggy,ペギー
Pek,ペク
Pekarek,ペカレック
Peng,ペング
Perez,ペレス
Perez,ペレツ
Peri,ペリ
Perla,パーラ
Perron,ペローン
Perry,ペリー
Peter,ピーター
Pieter,ピーター
Peterson,ピーターソン
Petri,ペトリ
Petrillose,ペトリロース
Petty,ペティ
Petya,ペトヤ
Pfluger,フルーガー
Pham,ファム
Phan,ファン
Phillips,フィリップス
Phoenetia,フィニーシア
Phoenetia,フォニーシア
Phynn,フィン
Pickle,ピクル
Pierce,ピアス
Pierce,ピアース
Pippa,ピッパ
Pirtle,パーテル
Pitt,ピット
Pikkman,ピットマン
Plotsky,プラツキー
Poehlmann,ポールマン
Pointer,ポインター
Polk,ポルコ
Polkovnichenko,ポルコビニチェンコ
Pollard,ポラード
Poluga,ポルガ
Poncik,ポンシック
Porter,ポーター
Portillo,ポーティロ
Posey,ポージー
Pospichal,ポスピハル
Poth,ポス
Potnuru,ポトヌール
Poston,ポストン
POSPower,パワー
Prakash,プラカシ
Prefume,プレヒューム
Preiss,プライス
Price,プライス
Preston,プレストン
Preus,プロイス
Prewitt,プルーイット
Priebe,プリーベ
Prieto,プリート
Priscilla,プリシラ
Prince,プリンス
Prum,プラム
Pryor,プライア
Pryor,プライヤー
Pua,プア
Puente,プエンテ
Pujara,プジャラ
Purvis,パービス
Puthaaroon,プサルーン
Putin,プーチン
Pyndus,ピンドス
Qingzi,クィンズィ
Quach,クァチ
Quinn,クイン
Quist,キスト
Quitugua,クィタグア
Quocviet,クォックヴィエット
Raam,ラーム
Rachel,レイチェル
Rachelle,ラシェル
Rashell,ラシェル
Rae,レイ
Ray,レイ
Rafaela,ラファエラ
Rajal,ラジャル
Rahul,ラフル
Raina,レイナ
Reyna,レイナ
Raines,レインズ
Rajat,ラジャト
Rama,ラマ
Ramirez,ラミレス
Ramon,ラモン
Ramos,ラモス
Ran,ラン
Randall,ランドール
Randy,ランディー
Raquel,ラクエル
Raquel,ラケル
Rashaun,ラシャウン
Rashid,ラシッド
Rashid,ラシード
Rashin,ラシン
Raven,レイヴン
Rauzi,ラウジ
Raygan,ライガン
Raymond,レイモンド
Rayne,レイン
Ravi,ラヴィ
Ravi,ラビ
Reade,リード
Reed,リード
Reagan,レーガン
Regan,レーガン
Rearson,リアーサン
Rebecca,リベカ
Rebeka,リベカ
Rebecca,レベッカ
Rebeka,レベッカ
Recoulley,リカウリー
Redford,レッドフォード
Reece,リース
Reese,リース
Regan,リーガン
Reggie,レジー
Regina,レジーナ
Regnery,レグネリー
Reliford,レリフォード
Rema,レマー
Remedios,レメディオス
Remedy,レミディ
Renata,レナタ
Rene,レネ
Rene,ルネ
Rezal,レザル
Rhianna,リアナ
Rhonda,ロンダ
Ricardo,リカルド
Rice,ライス
Richard,リチャード
Richardson,リチャードソン
Richarme,リチャーム
Rick,リック
Ridley,リドレー
Riechmann,ライヒマン
Rikki,リッキー
Riley,ライリ
Riley,ライリー
Ritter,リッター
Rizzo,リゾ
Rivera,リベラ
Rivera,リヴェラ
Roach,ローチ
Roberson,ロバーソン
Robert,ロバート
Roberta,ロバータ
Roberto,ロべルト
Roberto,ロベート
Roberts,ロバーツ
Robertson,ロバートソン
Robinson,ロビンソン
Rochelle,ロチェル
Rockwell,ロックウェル
Rodrigo,ロドリゴ
Rodrigues,ロドリゲス
Rodriguez,ロドリゲス
Rogelio,ロジェリオ
Rogers,ロジャース
Rogoyski,ロゴイスキー
Rollins,ローリンズ
Roman,ローマン
Roman,ロマン
Romanick,ロマニック
Romero,ロメロ
Rommel,ロメル
Romo,ロモ
Ronald,ロナルド
Roose,ローズ
Rose,ローズ
Roosevelt,ルーズベルト
Roric,ロリック
Rosalyn,ロザリン
Ross,ロス
Rostam,ロスタム
Rostopchina,ロストップチナ
Rove,ロウブ
Rove,ローブ
Roy,ロイ
Royal,ロイヤル
Rubio,ルビオ
Ruby,ルビー
Rucker,ラッカー
Ruddock,ルドック
Rudy,ルーディー
Rueff,リュエフ
Rufus,ルーファス
Ruhala,ルハラ
Rule,ルール
Russ,ラス
Russell,ラッセル
Ryan,ライアン
Sabrina,サブリナ
Sadberry,サドベリー
Sadberry,サッドベリー
Saenz,サエンツ
Safe,セーフ
Sahana,サハナ
Salai,サライ
Sarai,サライ
Salas,サラス
Salazar,サラザー
Salima,サリマ
Sally,サリー
Salwa,サルワ
Sam,サム
Samantha,サマンサ
Sammie,サミー
Sammy,サミー
Sanders,サンダース
Sandie,サンディー
Sandra,サンドラ
Sanford,サンフォード
Sanjeev,サンジーヴ
Sankar,サンカル
Santana,サンタナ
Santorum,サントラム
Santos,サントス
Santoyo,サントヨ
Sara,サラ
Sarah,サラ
Sarathi,サラシ
Sasha,サーシャ
Sategna,サテグナ
Sathasivan,ササシバン
Sathasivan,ササシヴァン
Sathuluri,サトゥルリ
Savony,サヴァニー
Saul,ソール
Sawyer,ソーヤー
Sawyer,ソイヤー
Scales,スケールズ
Scarlett,スカーレット
Scheffler,シェフラー
Schimpf,シンプ
Schirle,シャーリー
Shirley,シャーリー
Schleifer,シュライファー
Schmalz,シュマルツ
Schneider,シュナイダー
Schmidt,シュミッツ
Schubert,シューベルト
Schultz,ショルツ
Schiller,シラー
Schreiber,シュライバー
Schwartz,シュワルツ
Scoggin,スコギン
Scot,スコット
scott,スコット
Scottie,スコッティー
Sean,シェーン
Shane,シェーン
Sean,シェイン
Sean,ショーン
Shaun,ショーン
Shawn,ショーン
Searles,シアーレス
Sears,シアーズ
Seena,シーナ
Senakarn,セナカーン
Senoj,セノジェ
Senoj,セニョ
Sera,セラ
Sergio,サージオ
Seth,セス
Sevin,セビン
Sewell,シーウェル
Sha'Dare,シャデア
Shah,シャー
Shaka,シャカ
Shakti,シャクティ
Shane,シェエン
Shania,シャナイア
Shanna,シャンナ
Shannah,シャナ
Shannon,シャノン
Shaquille,シャキール
Sharon,シャロン
Shaw,ショー
Shay,シェイ
Shaye,シャイェ
Shead,シード
Shead,シェード
Shelby,シェルビー
Shelly,シェリー
Shelton,シェルトン
Shenning,シェニング
Sherrod,シェロード
Shi,シ
Shields,シールズ
Shih,シー
Shiller,シレル
Shimmick,シミック
Shireman,シャーマン
Shirin,シリン
Shiv,シブ
Shiva,シヴァ
Siva,シヴァ
Shiva,シバ
Siva,シバ
Shivakumar,シヴァクマール
Sivakumar,シヴァクマール
Shivakumar,シバクマール
Sivakumar,シバクマール
Shivan,シバン
Shobhit,ショビット
Shobo,ショボ
Shridar,シュリダル
Sridhar,シュリダル
Shulhan,シュルハン
Shutter,シャッター
Shwan,シュアン
Xuan,シュアン
Sidhu,シドゥ
Sidney,シドニー
Sydne,シドニー
Sydney,シドニー
Siegle,シーグル
Sierra,シエラ
Sievers,シーバーズ
Simmons,シモンズ
Simms,シムズ
Simon,シモン
Simone,シモン
Simon,サイモン
Simone,サイモン
Singer,シンガー
Singletary,シングルタリ
Sisi,シシー
Sissom,シッソム
Siwan,シワン
Sixta,シックスタ
Skip,スキップ
Skylar,スカイラー
Slaska,シュロンスカ
Slough,スラウ
Smacker,スマッカー
Smart,スマート
Smith,スミス
Smita,スミタ
Snow,スノー
Sofia,ソフィア
Sophia,ソフィア
Sohan,ソーハン
Sokhorntheavy,ソコンテセーバー
Sokhornveary,ソコンベリー
Soland,ソランド
Solomon,ソロモン
Somerville,ソマービル
Sonali,ソナリ
Sone,ソン
Sotengco,ソテンコ
Soufi,ソフィ
Spencer,スペンサー
Stacy,ステーシー
Stafford,スタッフォード
Staha,スタハー
Stalans,スタランス
Stalker,ストーカー
Stan,スタン
Stanley,スタンリー
Stapp,スタップ
Stefanie,ステファニー
Stephanie,ステファニー
Stephany,ステファニー
Steffin,ステフィン
Stell,ステル
Stephen,スティーブン
Steven,スティーブン
Stephen,ステファン
Stephens,スティーブンス
Stevens,スティーブンス
Stephens,ステファンズ
Steve,スティーブ
Steven,スティーブ
Stephenson,スチーブンソン
Sterling,スターリング
Stern,スターン
Stone,ストーン
Strawser,ストラウス
Streete,ストリート
Strong,ストロング
Stuart,スチュアート
Su,ス
Su,スー
Sucheta,スチェタ
Sullivan,サリバン
Suloni,スローニ
Summer,サマー
Summerville,サマービル
Summerville,サマーヴィル
Sun,サン
Sungmin,スンミン
Sunmi,サンミ
Supriya,スプリヤ
Surhoff,サーホフ
Surpris,サープリス
Susan,スーザン
Susanna,スザナ
Sutaris,スターリス
Sutherland,サザランド
Sutton,スートン
Sutton,サットン
Suvida,スビダ
Swanie,スワーニ
Swanson,スワンソン
Sweet,スウィート
Sydmill,シドミル
Sylvan,シルバン
Sylvan,シルヴァン
Sylvia,シルヴィア
Tagtow,タグトウ
Tagtow,タグトー
Taizha,タイシア
Tallie,タリー
Tamara,タマラ
Tamra,タムラ
Tan,タン
Tang,タング
Tanya,ターニャ
Tapper,タッパー
Tarang,タラング
Taras,タラス
Tariq,タリック
Tasha,ターシャ
Tasia,ターシャ
Tasija,タシジャ
Tavge,タブガ
Tayler,テイラー
Teylar,テイラー
Taylor,タイラー
Tyler,タイラー
Teahna,ティアナ
Teizo,テイゾ
Telles,テレス
Telma,テルマ
TenBargey,テンバージ
Terera,テレサ
Teri,テリー
Terry,テリー
Termeer,タミアー
Terrell,テレル
Terrell,テレール
Tevin,テヴィン
Tevin,テビン
Tezira,テズラ
Thai,タイ
Ty,タイ
Thad,タデ
Thalia,タリーア
Thatcher,サッチャー
Theodore,セオドア
Thomas,トーマス
Thompson,トンプソン
Thrasher,スラッシャー
Thuong,トゥオング
Tianyi,テンイ
Tiarra,ティアラ
Tieh,ティア
Tiff,ティフ
Tiffany,ティファニー
Tika,ティカ
Tim,ティム
Timia,ティミア
Timmons,ティモンズ
Timmy,ティミー
Timothy,ティムシー
Timothy,ティモシー
Tina,ティーナ
Tipton,ティプトン
Todd,トッド
Toliver,トリバー
Tolleson,トレソン
Tolleson,トルソン
Tom,トム
Tommy,トミー
Tonja,トンヤ
Tony,トニー
Tonya,トニア
Torbert,トーバート
Torgersen,トーガーセン
Tori,トーリ
Torie,トーリ
Tori,トーリー
Torie,トーリー
Torres,トーレス
Toth,トス
Townley,タウンリー
Tran,トラン
Trung,トラン
Truong,トラン
Travis,トラビス
Traylon,トレイラン
Trent,トレント
Trent,トゥレント
Tres,トレス
Tres,トゥレス
Tures,トゥレス
Tresselt,トレッセルト
Trevor,トレバー
Trey,トゥレイ
Trey,トレイ
Tria,トリア
Trierweiler,トリルベレール
Trife,テリファ
Tristan,テゥリスタン
Troy,トロイ
Trump,トランプ
Trung,トラング
Truong,トロング
Truong,トゥロング
Tu,トゥー
Tu,ツー
Tucker,タッカー
Tumbull,タンブル
Tunning,タニング
Turnbull,トランブル
Tynan,タイナン
Tyrell,タイレル
Uchebo,ウチェボ
Ugaz,ウガズ
Uhle,ウーレ
Uhr,ウワー
Umang,ウマング
Umezulike,ウメズリケ
Usher,アッシャー
Usolton,ウソルトン
Uzri,ウズリ
Vaccaro,バカロ
Vaccaro,バッカロ
Vaccaro,ヴァカロ
Vaccaro,ヴァッカロ
Vaishali,ヴァイシャリ
Vaishali,バイシャリ
Valdez,バルデズ
Valerie,バレリー
Valley,ヴァレー
Valley,ヴァレイ
Van,バン
Essen,エッセン
Vanessa,ヴァネッサ
Vanessa,バネッサ
Varela,ヴァレラ
Varez,バレス
Varez,ヴァレス
Vasquez,バスケズ
Vaughan,ヴォーン
Vector,ヴェクター
Vector,ベクター
Velasquez,ベラスケス
Velez,ベレス
Velez,ヴェレス
Verma,ウェルマ
Veronica,ベロニカ
Vian,ビアン
Vicki,ヴィキー
Victor,ビクター
Victoria,ビクトリア
Victoria,ヴィクトリア
Vikas,ヴィカス
Vikas,ビカス
Vikram,ヴィクラム
Villalpado,ヴィラルバド
Vince,ビンズ
Vince,ヴィンズ
Vincent,ビンセント
Vincent,ヴィンセント
Vin,ヴィン
Diesel,ディーゼル
Vinette,ヴィネッテ
Virani,ビラニ
Virginia,ヴァージニア
Virginia,バージニア
Vitray,ビトレー
Vitray,ヴィトレー
Vivian,ビビアン
Vladimir,ウラジーミル
Vo,ヴォ
Vodak,ボダック
Vodak,ヴォダック
Vodnik,ボドニク
Vodnik,ヴォドニク
Vondrell,ボンドゥエル
Votteler,バテラー
Vuong,ブオング
Vuong,ヴォング
Vyntra,ヴィントラ
Vysyaraju,ヴィシャラジュ
Wade,ウェード
Wade,ウエード
Wagland,ワグランド
Wahl,ウォール
Waldrop,ワードロップ
Walgreen,ウォルグリーン
Walker,ウォーカー
Walt,ウォルト
Walters,ウォルターズ
Walton,ウォルトン
Wang,ワン
Wang,ワング
Ward,ワード
Wares,ウェアス
Warren,ウォレン
Washington,ワシントン
Watson,ワトソン
Wayne,ウェイン
Weam,ウェアム
Webster,ウェブスター
WebsterLove,ウェブスターラブ
Wechsler,ウェクスラー
Weeks,ウィークス
Weems,ウィムス
Weidmann,ウェイドマン
Weir,ウィアー
Weiss,ワイス
Welborn,ウェルボーン
Weldon,ウェルドン
Wendt,ウェンツ
Wendy,ウェンディ
Wes,ウェス
Wesley,ウェスリー
Wesley,ウエスリー
Wesson,ウェサン
Wesson,ウエサン
West,ウエスト
Whalen,ウォーレン
Whaley,ウェーリー
Whaley,ウェイリー
White,ホワイト
Whitfield,ウィットフィールド
Whitfield,ホイットフィールド
Whitman,ウィトマン
Whitney,ウィットニー
Whitney,ホイットニー
Whittaker,ウィテカー
Whittaker,ウィタッカー
Whittaker,ホィタッカー
Wilbur,ウィルバー
Wilcox,ウィルコック
Wiley,ウィリー
Wilk,ウィルク
Will,ウィル
William,ウィリアム
Williams,ウィリアムズ
Williamson,ウィリアムソン
Willis,ウィリス
Willow,ウィロー
Wilmore,ウィルモア
Wilson,ウィルソン
Winder,ウィンダー
Wolf,ウォルフ
Wolf,ウルフ
Wong,ウォング
Wood,ウッド
Woolie,ウーリー
Wright,ライト
Wu,ウー
Xebat,ゼバト
Xiang,シアン
Xiao,シアオ
Xing,シング
Xue,シュエ
Yaasmeen,ヤスミン
Yasmin,ヤスミン
Yalimar,ヤリマー
Yalimar,ジャリマー
Yancy,ヤンシー
Yang,ヤン
Yao,ヤオ
Yates,イェイツ
Yeager,イェーガー
Yeom,ヨム
Yesenia,イエセニア
Yesenia,イエセニャ
Yesi,ジェシー
Yogi,ヨギ
Yogi,ヨギー
Yolis,イオリス
Yoon,ヨオン
Yoon,ユン
Yun,ユン
Yoonsik,ユンシク
You,ユウ
You,ユー
Yu,ユー
Young,ヤング
Youngwoo,ヨンウ
Yuchen,ユチン
Yue,ユエ
Yuli,ユリ
Yuna,ユナ
Yuyao,ユーヤオ
Yvonne,イボーン
Zabaletta,ザバレタ
Zacharias,ザカリアス
Zachary,ザッカリー
Zagaria,ザガリア
Zagorski,ザゴースキー
Zahra,ザラ
Zara,ザラ
Zajicek,ザジセック
Zamzow,ザムゾウ
Zane,ザーン
Zane,ゼーン
Zapalac,ザパラック
Zayn,ザイン
Zen,ゼン
Zea,ジー
Zhang,ザン
Zhao,ジャオ
Zhao,チャオ
Zhou,ジョウ
Zhu,ズー
Zlobinsky,ジェロビンスキー
Zoe,ゾイ
Zohra,ゾラ
Zola,ゾラ
Zumberge,ザンバーグ
Zuspan,ザスパン
Zuyzes,ザイゼス
Zych,ジッチ